dccity,dcname,dclat,dclong
Frankfurt,DCFRA1,50.101385,8.541557
Frankfurt,DCFRA2,50.136031,8.660119
Frankfurt,DCFRA3,50.117440,8.758564
Duesseldorf,DCDUS1,51.271957,6.772683
Duesseldorf,DCDUS2,51.199982,6.788308
Berlin,DCBER1,52.517717,13.266076
Berlin,DCBER2,52.453402,13.592018
Brussels,DCBRU1,50.814244,4.269502
Brussels,DCBRU2,50.830090,4.393854
Brussels,DCBRU3,50.888510,4.465777
Amsterdam,DCAMS1,52.451749,4.840187
Amsterdam,DCAMS2,52.403676,4.942717
Amsterdam,DCAMS3,52.352671,4.837316